order_id,order_date,warehouse_id,product_id,order_quantity,distance_km,traffic_level,warehouse_processing_hours,promised_date,delivery_date,delivery_cost,carrier,vehicle_utilization
ORD1001,2026-09-01 09:00,WH01,P101,2,18.5,1,4.0,2026-09-02,2026-09-02,185,Carrier_A,80
ORD1002,2026-09-01 10:00,WH01,P102,1,42.0,3,6.0,2026-09-02,2026-09-03,240,Carrier_B,65
ORD1003,2026-09-02 11:00,WH02,P103,4,12.0,1,3.0,2026-09-03,2026-09-03,150,Carrier_A,90
ORD1004,2026-09-02 12:00,WH02,P104,3,65.0,4,8.0,2026-09-03,2026-09-04,310,Carrier_C,55
ORD1005,2026-09-03 08:30,WH01,P101,5,25.0,2,5.0,2026-09-04,2026-09-04,190,Carrier_A,82
ORD1006,2026-09-03 14:00,WH03,P105,2,50.0,4,7.0,2026-09-04,2026-09-05,275,Carrier_B,70
ORD1007,2026-09-04 09:15,WH03,P102,1,15.0,1,3.0,2026-09-05,2026-09-05,145,Carrier_A,92
ORD1008,2026-09-04 16:20,WH02,P106,6,80.0,5,9.0,2026-09-05,2026-09-06,360,Carrier_C,50
ORD1009,2026-09-05 10:40,WH01,P103,2,35.0,2,4.5,2026-09-06,2026-09-06,205,Carrier_B,75
ORD1010,2026-09-05 13:10,WH03,P107,3,10.0,1,2.5,2026-09-06,2026-09-06,130,Carrier_A,95
ORD1011,2026-09-06 09:45,WH02,P108,2,45.0,3,6.0,2026-09-07,2026-09-07,250,Carrier_B,72
ORD1012,2026-09-06 15:30,WH03,P109,4,70.0,5,10.0,2026-09-07,2026-09-08,330,Carrier_C,48
