order_id,order_date,warehouse_id,city,carrier,quantity,distance_km,traffic_level,warehouse_processing_hours,shipping_time_hours,transport_cost_inr,vehicle_utilization_pct,late_delivery,customer_rating
ORD3100,2026-07-01,WH04,Chennai,Carrier_B,2,100.5,5,8.5,12.8,862.88,54.1,1,3.66
ORD3101,2026-07-02,WH01,Mumbai,Carrier_C,5,108.4,4,8.2,12.2,1097.66,62.4,1,3.17
ORD3102,2026-07-03,WH02,Hyderabad,Carrier_A,1,23.7,4,3.1,7.3,419.15,60.2,0,4.49
ORD3103,2026-07-04,WH03,Bengaluru,Carrier_A,6,70.1,3,5.8,9.4,828.71,50.0,0,4.22
ORD3104,2026-07-05,WH02,Bengaluru,Carrier_B,6,20.2,3,6.5,9.2,460.53,69.9,0,4.26
ORD3105,2026-07-06,WH02,Mumbai,Carrier_A,1,83.3,1,8.8,6.4,697.75,87.0,0,4.49
ORD3106,2026-07-07,WH01,Chennai,Carrier_A,7,39.5,5,6.4,9.9,750.03,74.6,1,3.66
ORD3107,2026-07-08,WH02,Hyderabad,Carrier_B,4,81.9,5,4.7,11.2,887.07,80.4,1,3.37
ORD3108,2026-07-09,WH01,Chennai,Carrier_A,7,89.4,1,4.4,7.9,876.89,91.1,0,4.65
ORD3109,2026-07-10,WH02,Chennai,Carrier_B,1,94.1,4,4.8,10.3,844.18,93.9,1,3.2
ORD3110,2026-07-11,WH03,Hyderabad,Carrier_A,2,20.1,1,6.9,4.3,264.76,77.2,0,4.53
ORD3111,2026-07-12,WH03,Mumbai,Carrier_C,4,110.6,4,8.8,13.0,1010.02,94.2,1,4.03
ORD3112,2026-07-13,WH03,Hyderabad,Carrier_B,2,33.8,5,5.1,11.2,520.32,79.1,1,3.51
ORD3113,2026-07-14,WH02,Mumbai,Carrier_A,3,12.2,1,3.2,2.9,300.67,68.0,0,4.94
ORD3114,2026-07-15,WH04,Hyderabad,Carrier_C,6,70.1,3,3.1,9.2,835.6,70.9,0,4.35
ORD3115,2026-07-16,WH01,Mumbai,Carrier_C,2,49.5,1,7.7,7.0,435.32,60.2,0,4.57
ORD3116,2026-07-17,WH02,Hyderabad,Carrier_A,6,100.9,3,8.3,11.1,972.86,67.3,1,3.44
ORD3117,2026-07-18,WH01,Chennai,Carrier_A,1,98.5,5,1.9,9.6,960.52,73.7,1,3.47
ORD3118,2026-07-19,WH02,Mumbai,Carrier_B,2,43.5,1,1.6,4.7,412.89,87.6,0,4.32
ORD3119,2026-07-20,WH04,Bengaluru,Carrier_A,5,114.7,2,6.3,11.4,962.67,98.6,1,3.55
ORD3120,2026-07-21,WH02,Hyderabad,Carrier_A,7,40.6,5,2.3,9.3,717.76,61.4,1,3.32
ORD3121,2026-07-22,WH04,Bengaluru,Carrier_A,2,65.7,2,8.4,10.8,654.77,82.7,1,3.63
ORD3122,2026-07-23,WH02,Chennai,Carrier_B,3,36.7,1,3.8,6.7,433.38,65.5,0,4.7
ORD3123,2026-07-24,WH03,Mumbai,Carrier_B,8,112.8,3,2.3,10.0,1166.88,83.7,0,4.39
ORD3124,2026-07-25,WH02,Mumbai,Carrier_B,8,26.4,3,9.3,10.6,618.6,76.4,1,3.4
ORD3125,2026-07-26,WH02,Hyderabad,Carrier_B,5,13.0,4,2.5,7.4,487.18,56.0,0,4.52
ORD3126,2026-07-27,WH04,Bengaluru,Carrier_B,4,56.7,2,3.6,7.9,642.81,89.1,0,4.31
ORD3127,2026-07-28,WH04,Mumbai,Carrier_B,3,119.1,5,2.4,11.3,1180.25,70.7,1,3.68
ORD3128,2026-07-29,WH02,Hyderabad,Carrier_A,5,107.9,3,2.0,9.3,983.96,71.6,0,3.87
ORD3129,2026-07-30,WH04,Bengaluru,Carrier_A,5,91.8,2,1.2,6.8,769.82,65.2,0,4.34
ORD3130,2026-07-31,WH02,Bengaluru,Carrier_B,3,107.8,5,1.5,11.9,1078.77,70.1,1,2.93
ORD3131,2026-08-01,WH03,Chennai,Carrier_B,1,108.1,5,2.6,10.1,931.81,83.1,1,3.12
ORD3132,2026-08-02,WH04,Chennai,Carrier_B,2,66.1,3,1.5,8.4,659.06,75.7,0,4.7
ORD3133,2026-08-03,WH02,Hyderabad,Carrier_B,8,43.4,1,6.3,6.5,672.67,81.9,0,4.66
ORD3134,2026-08-04,WH03,Mumbai,Carrier_B,4,94.5,3,7.1,11.7,811.35,82.3,1,3.25
ORD3135,2026-08-05,WH02,Chennai,Carrier_B,4,82.1,3,4.5,10.0,751.49,93.8,0,3.92
ORD3136,2026-08-06,WH01,Mumbai,Carrier_B,4,49.8,1,3.9,7.9,468.72,73.9,0,3.64
ORD3137,2026-08-07,WH01,Mumbai,Carrier_A,7,18.6,4,5.5,8.9,503.72,60.3,0,4.21
ORD3138,2026-08-08,WH02,Bengaluru,Carrier_A,1,91.6,5,8.9,11.3,871.54,90.8,1,4.05
ORD3139,2026-08-09,WH04,Hyderabad,Carrier_A,1,37.4,1,8.7,7.2,404.73,74.0,0,4.52
ORD3140,2026-08-10,WH01,Chennai,Carrier_A,3,112.9,4,1.4,9.0,1015.12,91.4,0,4.2
ORD3141,2026-08-11,WH02,Mumbai,Carrier_A,4,35.0,1,2.6,4.5,386.93,82.6,0,4.64
ORD3142,2026-08-12,WH03,Hyderabad,Carrier_C,6,21.7,4,3.1,9.0,426.42,76.4,0,3.95
ORD3143,2026-08-13,WH01,Bengaluru,Carrier_A,4,101.1,3,3.2,10.1,926.16,82.2,1,3.42
ORD3144,2026-08-14,WH03,Chennai,Carrier_A,4,25.2,1,6.1,5.2,369.49,100.0,0,4.52
ORD3145,2026-08-15,WH02,Mumbai,Carrier_A,8,28.1,5,4.7,8.1,681.08,100.0,1,3.55
ORD3146,2026-08-16,WH04,Bengaluru,Carrier_A,2,75.1,1,1.4,6.1,670.7,78.8,0,4.65
ORD3147,2026-08-17,WH03,Mumbai,Carrier_B,5,106.0,3,4.4,8.8,987.82,79.9,0,4.43
ORD3148,2026-08-18,WH03,Hyderabad,Carrier_B,5,30.0,1,5.7,5.3,482.21,90.9,0,4.66
ORD3149,2026-08-19,WH01,Mumbai,Carrier_B,4,42.8,5,1.9,9.0,648.39,67.9,1,3.37
ORD3150,2026-08-20,WH02,Mumbai,Carrier_B,7,95.1,4,8.5,13.1,1029.96,82.0,1,3.6
ORD3151,2026-08-21,WH04,Chennai,Carrier_A,3,116.8,5,1.5,11.8,1029.77,77.7,1,3.84
ORD3152,2026-08-22,WH01,Bengaluru,Carrier_C,8,64.1,3,9.3,8.0,801.93,81.8,0,4.14
ORD3153,2026-08-23,WH04,Bengaluru,Carrier_A,3,24.1,3,1.9,6.5,434.86,68.0,0,4.22
ORD3154,2026-08-24,WH02,Bengaluru,Carrier_A,5,9.6,4,8.6,9.0,465.48,58.9,0,4.67
ORD3155,2026-08-25,WH03,Chennai,Carrier_A,5,33.7,4,9.1,10.4,557.85,53.1,1,3.44
ORD3156,2026-08-26,WH03,Hyderabad,Carrier_B,7,22.8,5,9.8,12.4,623.53,64.6,1,3.75
ORD3157,2026-08-27,WH02,Chennai,Carrier_B,4,83.9,1,8.2,6.7,736.83,72.5,0,4.32
ORD3158,2026-08-28,WH02,Hyderabad,Carrier_A,3,21.6,4,8.0,8.6,440.47,74.5,0,4.72
ORD3159,2026-08-29,WH03,Hyderabad,Carrier_B,1,64.7,1,6.8,8.2,585.0,100.0,0,4.4
